"I’m a perv Bi dad with a yung kids, no limit USA, looking for other parents, hbu6? HMU7 on Kik @XXXXXXXX ",He this is iliverichously on [SERVICE 1] whatcha got to share with me?
Hey! Nice to hear from you! How many girls & how many boys you got? How old are the girls? ,Are u a parent? 
"9 yo dau, 5 yo step son, U have kik? ",
Can I see some pictures/videos of them in past play? Does mom play too?  ,
Gf does but she's not into it like me ,
How old are you two. I AM 39 SINGLE KINDAI am still married to my wife but have not been together in 5years ,
"I'm 35, live in Utah USA, hbu? ",
But she knows that you do it and is ok with it??Is the girl hers or yours with a different girl? You all live together? I am from Minnesota USA ,
"Girl is mine boy is hers, u have Kik? Mine is XXXXXXXX ",
I see. Where is the girls mom does mom play with her daughter too or does she even know ABOUT IT? AND STILL wondering does your current know about it and llay with ever too? ,
"Well I first shared my thoughts about yung and involving her in fantasy. Made subtle comments about my dau, looked at some cp etc ",
It's been a process. She doesn't know I play with her but likes the idea. Just being careful ,
Rather not say too much more. I've been burned a lot on [foreign-based chat application]. Lots of fakes and cops. U got Kik? ,
"In driving.... hard to type R*N sorry..would your current be OK with another adult(me) joining in with you&her and work the daughter in with us and then athen maybe the son see how it goes? Lets see pictures and videos of you daughter, gf etc &in return I will send back the same number of myself for you!!.[* I'll download it now, brb. Here are a few pix of me. Here are a bunch if me for you so i hope you trust a bit more ",
[send image],
"This is adult porn lol. I'm looking for OC9, other parents or a partner ILIVERICHOUSLY: This is me having sex with some girls lol, 1 my xwife the other 2 were .9 ",
[send video],
You like? Send some good onescback too please ,
U got Kik? Mine is [UC provided Kik name] ,
Yes mine is extremepussypleaser ,
cool,
lets see some here of your girls 1st please ,
